missing_module,referenced_in,line_number
api.graphql.schema,api/graphql/resolvers.py,643
apscheduler.events,core/scheduler/advanced_scheduler.py,21
apscheduler.executors.asyncio,core/scheduler/advanced_scheduler.py,17
apscheduler.jobstores.redis,core/scheduler/advanced_scheduler.py,16
apscheduler.schedulers.asyncio,core/scheduler/advanced_scheduler.py,15
apscheduler.triggers.cron,core/scheduler/advanced_scheduler.py,18
apscheduler.triggers.date,core/scheduler/advanced_scheduler.py,20
apscheduler.triggers.interval,core/scheduler/advanced_scheduler.py,19
core.branch.diff_engine,main_enterprise.py,92
core.branch.merge_strategies,core/branch/service.py,13
core.branch.service,main_enterprise.py,23
core.branch.three_way_merge,core/branch/service.py,22
core.history.models,api/graphql/history_schema.py,10
core.history.service,main_enterprise.py,25
core.schema.service,main_enterprise.py,21
core.user,core/user/routes.py,456
core.user.service,core/user/routes.py,10
core.validation.models,main_enterprise.py,272
core.validation.naming_config,core/validation/ci_integration.py,21
core.validation.naming_convention,core/validation/schema_validator.py,22
core.validation.naming_history,core/validation/naming_config.py,20
core.validation.policy_signing,core/validation/tampering_detection.py,16
core.validation.rules.required_field,core/validation/service.py,28
core.validation.schema_validator,core/validation/naming_config.py,21
core.validation.service,main_enterprise.py,22
core.validation.siem_integration,core/validation/tampering_detection.py,30
core.validation.tampering_detection,core/validation/siem_integration.py,22
core.validation.validation_logging,core/validation/siem_integration.py,21
core.validation.version_manager,core/validation/naming_config.py,24
croniter,core/scheduler/advanced_scheduler.py,14
database.clients,middleware/service_config.py,14
database.clients.terminus_db,main_enterprise.py,32
grpc_reflection.v1alpha,grpc_services/server.py,13
jsonschema,core/validation/schema_validator.py,12
minio,core/backup/production_backup.py,26
opentelemetry.instrumentation.grpc,grpc_services/server.py,15
orjson,core/validation/naming_config.py,12
pyotp,core/user/service.py,17
shared.clients.service_client,api/gateway/auth.py,203
shared.config,core/event_publisher/secure_publisher.py,12
sqlalchemy,core/user/service.py,18
sqlalchemy.ext.asyncio,core/user/service.py,20
sqlalchemy.ext.declarative,core/user/service.py,19
sqlalchemy.future,core/user/service.py,22
sqlalchemy.orm,core/user/service.py,21
sqlalchemy.sql,core/user/service.py,23
strawberry,api/graphql/mutation_resolvers.py,8
strawberry.asgi,api/graphql/main.py,20
strawberry.fastapi,api/graphql/main.py,18
strawberry.types,api/graphql/subscriptions.py,11
